BestFitnessValue,WorstFitnessValue,BestResult
897.456132352148,4539.02425065701,6-4-8-9-10-7-3-100-101-96-99-97-95-93-94-98-2-5-76-92-89-90-91-88-86-85-84-83-75-73-63-68-14-18-19-16-17-13-12-11-22-21-23-25-26-28-30-31-29-27-24-34-38-39-40-37-35-36-32-33-48-50-53-51-52-49-46-47-45-41-42-43-44-64-66-70-67-62-65-69-56-58-60-55-54-59-61-57-79-82-71-74-87-72-78-20-80-81-77-15
